Drama,Time,korean food,learn Korean,Kpop,Korea travel,Premiere Date
Goblin,11/2/16,5,1,54,1,2-Dec-16
Goblin,11/3/16,6,1,54,1,2-Dec-16
Goblin,11/4/16,5,1,56,1,2-Dec-16
Goblin,11/5/16,7,1,64,2,2-Dec-16
Goblin,11/6/16,8,2,62,1,2-Dec-16
Goblin,11/7/16,5,1,52,1,2-Dec-16
Goblin,11/8/16,5,1,51,1,2-Dec-16
Goblin,11/9/16,4,1,46,1,2-Dec-16
Goblin,11/10/16,5,1,54,1,2-Dec-16
Goblin,11/11/16,6,2,63,1,2-Dec-16
Goblin,11/12/16,7,1,63,1,2-Dec-16
Goblin,11/13/16,6,1,65,2,2-Dec-16
Goblin,11/14/16,5,1,55,2,2-Dec-16
Goblin,11/15/16,5,1,55,2,2-Dec-16
Goblin,11/16/16,5,2,53,1,2-Dec-16
Goblin,11/17/16,5,1,48,1,2-Dec-16
Goblin,11/18/16,6,1,54,1,2-Dec-16
Goblin,11/19/16,6,1,64,1,2-Dec-16
Goblin,11/20/16,6,2,66,2,2-Dec-16
Goblin,11/21/16,5,1,61,1,2-Dec-16
Goblin,11/22/16,5,1,56,1,2-Dec-16
Goblin,11/23/16,5,1,56,1,2-Dec-16
Goblin,11/24/16,5,1,54,1,2-Dec-16
Goblin,11/25/16,5,1,59,1,2-Dec-16
Goblin,11/26/16,6,1,68,1,2-Dec-16
Goblin,11/27/16,6,2,72,1,2-Dec-16
Goblin,11/28/16,5,1,56,1,2-Dec-16
Goblin,11/29/16,5,1,54,1,2-Dec-16
Goblin,11/30/16,6,2,60,1,2-Dec-16
Goblin,12/1/16,6,1,56,1,2-Dec-16
Goblin,12/2/16,5,1,66,1,2-Dec-16
Goblin,12/3/16,7,1,68,1,2-Dec-16
Goblin,12/4/16,6,1,75,1,2-Dec-16
Goblin,12/5/16,5,2,60,1,2-Dec-16
Goblin,12/6/16,5,2,73,1,2-Dec-16
Goblin,12/7/16,5,1,59,1,2-Dec-16
Goblin,12/8/16,5,2,61,1,2-Dec-16
Goblin,12/9/16,5,2,58,1,2-Dec-16
Goblin,12/10/16,6,2,69,1,2-Dec-16
Goblin,12/11/16,6,2,77,1,2-Dec-16
Goblin,12/12/16,6,1,63,1,2-Dec-16
Goblin,12/13/16,5,1,65,1,2-Dec-16
Goblin,12/14/16,5,2,63,1,2-Dec-16
Goblin,12/15/16,5,1,60,1,2-Dec-16
Goblin,12/16/16,6,1,65,1,2-Dec-16
Goblin,12/17/16,7,2,73,1,2-Dec-16
Goblin,12/18/16,6,1,72,1,2-Dec-16
Goblin,12/19/16,6,1,65,1,2-Dec-16
Goblin,12/20/16,6,2,62,1,2-Dec-16
Goblin,12/21/16,6,1,67,1,2-Dec-16
Goblin,12/22/16,6,2,64,1,2-Dec-16
Goblin,12/23/16,6,1,64,1,2-Dec-16
Goblin,12/24/16,6,1,73,1,2-Dec-16
Goblin,12/25/16,6,2,100,1,2-Dec-16
Goblin,12/26/16,6,1,86,1,2-Dec-16
Goblin,12/27/16,7,2,73,2,2-Dec-16
Goblin,12/28/16,6,2,74,1,2-Dec-16
Goblin,12/29/16,6,2,78,1,2-Dec-16
Goblin,12/30/16,7,2,74,1,2-Dec-16
Goblin,12/31/16,7,2,85,1,2-Dec-16
Goblin,1/1/17,7,2,88,1,2-Dec-16
Goblin,1/2/17,7,2,80,1,2-Dec-16
Goblin,1/3/17,6,2,68,2,2-Dec-16
Goblin,1/4/17,6,2,64,2,2-Dec-16
Goblin,1/5/17,6,2,63,2,2-Dec-16
Goblin,1/6/17,6,2,63,2,2-Dec-16
Goblin,1/7/17,7,1,75,2,2-Dec-16
Goblin,1/8/17,6,2,78,2,2-Dec-16
Goblin,1/9/17,6,2,64,2,2-Dec-16
Goblin,1/10/17,6,2,61,2,2-Dec-16
Goblin,1/11/17,5,2,61,2,2-Dec-16
Goblin,1/12/17,5,2,58,2,2-Dec-16
Goblin,1/13/17,5,2,64,2,2-Dec-16
Goblin,1/14/17,7,2,72,1,2-Dec-16
Goblin,1/15/17,8,2,80,2,2-Dec-16
Goblin,1/16/17,6,2,68,1,2-Dec-16
Goblin,1/17/17,6,1,65,2,2-Dec-16
Goblin,1/18/17,5,2,63,1,2-Dec-16
Goblin,1/19/17,5,1,63,2,2-Dec-16
Goblin,1/20/17,6,1,65,1,2-Dec-16
Goblin,1/21/17,7,2,68,1,2-Dec-16
Goblin,1/22/17,6,1,75,2,2-Dec-16
Goblin,1/23/17,5,2,61,1,2-Dec-16
Goblin,1/24/17,6,2,57,1,2-Dec-16
Goblin,1/25/17,5,1,59,1,2-Dec-16
Goblin,1/26/17,5,2,70,1,2-Dec-16
Goblin,1/27/17,6,1,60,1,2-Dec-16
Goblin,1/28/17,8,2,72,1,2-Dec-16
Goblin,1/29/17,6,1,71,1,2-Dec-16
Goblin,1/30/17,5,2,62,1,2-Dec-16
Goblin,1/31/17,5,2,54,1,2-Dec-16
Goblin,2/1/17,5,2,54,2,2-Dec-16
Descendants of the Sun,1/25/16,6,2,71,2,24-Feb-16
Descendants of the Sun,1/26/16,7,1,70,2,24-Feb-16
Descendants of the Sun,1/27/16,7,2,74,2,24-Feb-16
Descendants of the Sun,1/28/16,6,2,74,2,24-Feb-16
Descendants of the Sun,1/29/16,8,2,79,2,24-Feb-16
Descendants of the Sun,1/30/16,8,2,84,2,24-Feb-16
Descendants of the Sun,1/31/16,8,2,91,2,24-Feb-16
Descendants of the Sun,2/1/16,6,2,73,2,24-Feb-16
Descendants of the Sun,2/2/16,6,2,69,2,24-Feb-16
Descendants of the Sun,2/3/16,6,2,77,2,24-Feb-16
Descendants of the Sun,2/4/16,7,2,74,2,24-Feb-16
Descendants of the Sun,2/5/16,7,2,74,1,24-Feb-16
Descendants of the Sun,2/6/16,8,2,94,2,24-Feb-16
Descendants of the Sun,2/7/16,8,2,90,2,24-Feb-16
Descendants of the Sun,2/8/16,6,2,76,2,24-Feb-16
Descendants of the Sun,2/9/16,6,2,73,2,24-Feb-16
Descendants of the Sun,2/10/16,7,2,72,2,24-Feb-16
Descendants of the Sun,2/11/16,7,1,82,2,24-Feb-16
Descendants of the Sun,2/12/16,7,2,77,2,24-Feb-16
Descendants of the Sun,2/13/16,8,2,88,1,24-Feb-16
Descendants of the Sun,2/14/16,8,2,93,2,24-Feb-16
Descendants of the Sun,2/15/16,7,1,77,2,24-Feb-16
Descendants of the Sun,2/16/16,6,2,70,2,24-Feb-16
Descendants of the Sun,2/17/16,7,2,81,1,24-Feb-16
Descendants of the Sun,2/18/16,7,2,76,2,24-Feb-16
Descendants of the Sun,2/19/16,7,2,78,2,24-Feb-16
Descendants of the Sun,2/20/16,9,2,90,1,24-Feb-16
Descendants of the Sun,2/21/16,8,2,89,2,24-Feb-16
Descendants of the Sun,2/22/16,6,2,76,2,24-Feb-16
Descendants of the Sun,2/23/16,7,2,75,2,24-Feb-16
Descendants of the Sun,2/24/16,6,2,75,2,24-Feb-16
Descendants of the Sun,2/25/16,6,2,81,2,24-Feb-16
Descendants of the Sun,2/26/16,7,2,79,2,24-Feb-16
Descendants of the Sun,2/27/16,8,2,91,2,24-Feb-16
Descendants of the Sun,2/28/16,8,2,98,2,24-Feb-16
Descendants of the Sun,2/29/16,6,2,72,2,24-Feb-16
Descendants of the Sun,3/1/16,6,2,75,2,24-Feb-16
Descendants of the Sun,3/2/16,6,2,69,2,24-Feb-16
Descendants of the Sun,3/3/16,6,2,81,2,24-Feb-16
Descendants of the Sun,3/4/16,7,2,76,2,24-Feb-16
Descendants of the Sun,3/5/16,9,2,88,2,24-Feb-16
Descendants of the Sun,3/6/16,7,2,97,2,24-Feb-16
Descendants of the Sun,3/7/16,8,2,76,3,24-Feb-16
Descendants of the Sun,3/8/16,7,2,76,2,24-Feb-16
Descendants of the Sun,3/9/16,7,2,71,2,24-Feb-16
Descendants of the Sun,3/10/16,8,2,73,2,24-Feb-16
Descendants of the Sun,3/11/16,8,2,78,3,24-Feb-16
Descendants of the Sun,3/12/16,9,2,88,2,24-Feb-16
Descendants of the Sun,3/13/16,10,2,95,2,24-Feb-16
Descendants of the Sun,3/14/16,7,2,77,2,24-Feb-16
Descendants of the Sun,3/15/16,7,2,70,2,24-Feb-16
Descendants of the Sun,3/16/16,8,2,76,4,24-Feb-16
Descendants of the Sun,3/17/16,6,2,72,3,24-Feb-16
Descendants of the Sun,3/18/16,9,2,78,2,24-Feb-16
Descendants of the Sun,3/19/16,9,2,91,2,24-Feb-16
Descendants of the Sun,3/20/16,9,2,87,2,24-Feb-16
Descendants of the Sun,3/21/16,7,2,76,3,24-Feb-16
Descendants of the Sun,3/22/16,7,2,77,2,24-Feb-16
Descendants of the Sun,3/23/16,7,2,84,2,24-Feb-16
Descendants of the Sun,3/24/16,7,2,77,2,24-Feb-16
Descendants of the Sun,3/25/16,9,2,85,2,24-Feb-16
Descendants of the Sun,3/26/16,10,2,95,3,24-Feb-16
Descendants of the Sun,3/27/16,8,2,93,2,24-Feb-16
Descendants of the Sun,3/28/16,7,3,81,1,24-Feb-16
Descendants of the Sun,3/29/16,7,2,77,2,24-Feb-16
Descendants of the Sun,3/30/16,7,2,77,2,24-Feb-16
Descendants of the Sun,3/31/16,7,2,76,2,24-Feb-16
Descendants of the Sun,4/1/16,8,2,82,2,24-Feb-16
Descendants of the Sun,4/2/16,9,3,100,2,24-Feb-16
Descendants of the Sun,4/3/16,8,2,98,3,24-Feb-16
Descendants of the Sun,4/4/16,7,2,77,2,24-Feb-16
Descendants of the Sun,4/5/16,7,2,80,2,24-Feb-16
Descendants of the Sun,4/6/16,7,2,70,2,24-Feb-16
Descendants of the Sun,4/7/16,7,1,77,2,24-Feb-16
Descendants of the Sun,4/8/16,8,2,81,2,24-Feb-16
Descendants of the Sun,4/9/16,9,2,90,2,24-Feb-16
Descendants of the Sun,4/10/16,10,2,95,2,24-Feb-16
Descendants of the Sun,4/11/16,6,2,75,2,24-Feb-16
Descendants of the Sun,4/12/16,7,2,73,2,24-Feb-16
Descendants of the Sun,4/13/16,7,2,77,2,24-Feb-16
Descendants of the Sun,4/14/16,6,2,74,2,24-Feb-16
Descendants of the Sun,4/15/16,8,2,76,2,24-Feb-16
Descendants of the Sun,4/16/16,9,2,92,2,24-Feb-16
Descendants of the Sun,4/17/16,8,2,89,2,24-Feb-16
Descendants of the Sun,4/18/16,7,2,72,3,24-Feb-16
Descendants of the Sun,4/19/16,6,2,71,2,24-Feb-16
Descendants of the Sun,4/20/16,7,2,73,2,24-Feb-16
Descendants of the Sun,4/21/16,7,1,82,2,24-Feb-16
Descendants of the Sun,4/22/16,8,2,77,2,24-Feb-16
Descendants of the Sun,4/23/16,10,2,95,1,24-Feb-16
Descendants of the Sun,4/24/16,8,2,91,2,24-Feb-16
Descendants of the Sun,4/25/16,7,2,76,2,24-Feb-16
Descendants of the Sun,4/26/16,7,2,77,2,24-Feb-16
Crash Landing on You,4/26/16,7,2,77,2,14-Dec-19
Crash Landing on You,11/17/19,8,2,73,1,14-Dec-19
Crash Landing on You,11/24/19,7,1,97,1,14-Dec-19
Crash Landing on You,12/1/19,7,2,86,1,14-Dec-19
Crash Landing on You,12/8/19,7,2,80,1,14-Dec-19
Crash Landing on You,12/15/19,7,1,79,2,14-Dec-19
Crash Landing on You,12/22/19,8,1,94,2,14-Dec-19
Crash Landing on You,12/29/19,9,2,100,2,14-Dec-19
Crash Landing on You,1/5/20,7,2,85,2,14-Dec-19
Crash Landing on You,1/12/20,7,2,79,2,14-Dec-19
Crash Landing on You,1/19/20,7,1,76,2,14-Dec-19
Crash Landing on You,1/26/20,7,1,75,2,14-Dec-19
Crash Landing on You,2/2/20,7,2,72,2,14-Dec-19
Crash Landing on You,2/9/20,7,2,71,3,14-Dec-19
It's OK to Not Be OK,5/21/20,4,2,61,1,20-Jun-20
It's OK to Not Be OK,5/22/20,4,1,59,1,20-Jun-20
It's OK to Not Be OK,5/23/20,4,2,62,1,20-Jun-20
It's OK to Not Be OK,5/24/20,4,2,60,1,20-Jun-20
It's OK to Not Be OK,5/25/20,4,1,59,1,20-Jun-20
It's OK to Not Be OK,5/26/20,4,1,57,1,20-Jun-20
It's OK to Not Be OK,5/27/20,3,1,59,1,20-Jun-20
It's OK to Not Be OK,5/28/20,4,1,56,1,20-Jun-20
It's OK to Not Be OK,5/29/20,4,1,56,1,20-Jun-20
It's OK to Not Be OK,5/30/20,5,2,63,1,20-Jun-20
It's OK to Not Be OK,5/31/20,4,1,59,1,20-Jun-20
It's OK to Not Be OK,6/1/20,3,1,60,1,20-Jun-20
It's OK to Not Be OK,6/2/20,4,1,60,1,20-Jun-20
It's OK to Not Be OK,6/3/20,3,1,66,1,20-Jun-20
It's OK to Not Be OK,6/4/20,3,1,66,1,20-Jun-20
It's OK to Not Be OK,6/5/20,4,1,68,1,20-Jun-20
It's OK to Not Be OK,6/6/20,5,2,67,1,20-Jun-20
It's OK to Not Be OK,6/7/20,5,1,67,1,20-Jun-20
It's OK to Not Be OK,6/8/20,4,2,62,1,20-Jun-20
It's OK to Not Be OK,6/9/20,4,2,59,1,20-Jun-20
It's OK to Not Be OK,6/10/20,4,1,56,1,20-Jun-20
It's OK to Not Be OK,6/11/20,4,1,57,1,20-Jun-20
It's OK to Not Be OK,6/12/20,5,1,62,1,20-Jun-20
It's OK to Not Be OK,6/13/20,5,1,65,1,20-Jun-20
It's OK to Not Be OK,6/14/20,5,2,64,1,20-Jun-20
It's OK to Not Be OK,6/15/20,4,1,57,1,20-Jun-20
It's OK to Not Be OK,6/16/20,4,1,63,1,20-Jun-20
It's OK to Not Be OK,6/17/20,4,1,99,1,20-Jun-20
It's OK to Not Be OK,6/18/20,4,1,86,1,20-Jun-20
It's OK to Not Be OK,6/19/20,5,1,72,0,20-Jun-20
It's OK to Not Be OK,6/20/20,5,1,70,1,20-Jun-20
It's OK to Not Be OK,6/21/20,5,2,100,1,20-Jun-20
It's OK to Not Be OK,6/22/20,4,1,75,1,20-Jun-20
It's OK to Not Be OK,6/23/20,4,1,68,1,20-Jun-20
It's OK to Not Be OK,6/24/20,4,1,64,1,20-Jun-20
It's OK to Not Be OK,6/25/20,4,2,58,1,20-Jun-20
It's OK to Not Be OK,6/26/20,5,1,74,1,20-Jun-20
It's OK to Not Be OK,6/27/20,6,2,78,1,20-Jun-20
It's OK to Not Be OK,6/28/20,5,2,72,1,20-Jun-20
It's OK to Not Be OK,6/29/20,4,1,64,1,20-Jun-20
It's OK to Not Be OK,6/30/20,4,2,62,1,20-Jun-20
It's OK to Not Be OK,7/1/20,4,2,63,1,20-Jun-20
It's OK to Not Be OK,7/2/20,5,2,62,1,20-Jun-20
It's OK to Not Be OK,7/3/20,5,1,63,1,20-Jun-20
It's OK to Not Be OK,7/4/20,5,1,69,1,20-Jun-20
It's OK to Not Be OK,7/5/20,5,1,67,1,20-Jun-20
It's OK to Not Be OK,7/6/20,4,1,60,1,20-Jun-20
It's OK to Not Be OK,7/7/20,4,1,59,1,20-Jun-20
It's OK to Not Be OK,7/8/20,4,1,56,1,20-Jun-20
It's OK to Not Be OK,7/9/20,4,2,60,1,20-Jun-20
It's OK to Not Be OK,7/10/20,5,2,64,1,20-Jun-20
It's OK to Not Be OK,7/11/20,6,1,67,1,20-Jun-20
It's OK to Not Be OK,7/12/20,5,1,70,1,20-Jun-20
It's OK to Not Be OK,7/13/20,4,2,58,1,20-Jun-20
It's OK to Not Be OK,7/14/20,4,2,57,1,20-Jun-20
It's OK to Not Be OK,7/15/20,4,1,56,1,20-Jun-20
It's OK to Not Be OK,7/16/20,4,2,57,1,20-Jun-20
It's OK to Not Be OK,7/17/20,5,1,61,1,20-Jun-20
It's OK to Not Be OK,7/18/20,6,2,67,1,20-Jun-20
It's OK to Not Be OK,7/19/20,6,2,64,1,20-Jun-20
It's OK to Not Be OK,7/20/20,4,1,59,1,20-Jun-20
It's OK to Not Be OK,7/21/20,5,1,56,1,20-Jun-20
It's OK to Not Be OK,7/22/20,5,1,59,1,20-Jun-20
It's OK to Not Be OK,7/23/20,4,1,59,1,20-Jun-20
It's OK to Not Be OK,7/24/20,5,1,63,1,20-Jun-20
It's OK to Not Be OK,7/25/20,6,1,64,1,20-Jun-20
It's OK to Not Be OK,7/26/20,5,2,67,1,20-Jun-20
It's OK to Not Be OK,7/27/20,4,2,57,1,20-Jun-20
It's OK to Not Be OK,7/28/20,4,1,58,1,20-Jun-20
It's OK to Not Be OK,7/29/20,4,1,57,1,20-Jun-20
It's OK to Not Be OK,7/30/20,5,1,59,1,20-Jun-20
It's OK to Not Be OK,7/31/20,5,2,63,1,20-Jun-20
It's OK to Not Be OK,8/1/20,6,2,67,1,20-Jun-20
It's OK to Not Be OK,8/2/20,6,2,68,1,20-Jun-20
It's OK to Not Be OK,8/3/20,4,1,57,1,20-Jun-20
It's OK to Not Be OK,8/4/20,4,2,62,1,20-Jun-20
It's OK to Not Be OK,8/5/20,5,2,59,1,20-Jun-20
It's OK to Not Be OK,8/6/20,5,1,61,1,20-Jun-20
It's OK to Not Be OK,8/7/20,5,1,68,1,20-Jun-20
It's OK to Not Be OK,8/8/20,6,1,69,1,20-Jun-20
It's OK to Not Be OK,8/9/20,5,2,67,1,20-Jun-20
It's OK to Not Be OK,8/10/20,4,2,57,1,20-Jun-20
It's OK to Not Be OK,8/11/20,4,2,59,1,20-Jun-20
It's OK to Not Be OK,8/12/20,5,1,59,1,20-Jun-20
It's OK to Not Be OK,8/13/20,5,2,64,1,20-Jun-20
It's OK to Not Be OK,8/14/20,5,2,67,1,20-Jun-20
It's OK to Not Be OK,8/15/20,6,1,72,1,20-Jun-20
It's OK to Not Be OK,8/16/20,5,3,66,1,20-Jun-20
It's OK to Not Be OK,8/17/20,5,2,58,1,20-Jun-20
It's OK to Not Be OK,8/18/20,4,2,58,1,20-Jun-20
It's OK to Not Be OK,8/19/20,5,2,57,1,20-Jun-20
It's OK to Not Be OK,8/20/20,5,1,59,1,20-Jun-20
Squid Game,8/18/21,5,1,60,1,17-Sep-21
Squid Game,8/19/21,5,1,63,1,17-Sep-21
Squid Game,8/20/21,6,1,65,1,17-Sep-21
Squid Game,8/21/21,6,1,68,1,17-Sep-21
Squid Game,8/22/21,7,1,66,1,17-Sep-21
Squid Game,8/23/21,5,1,100,1,17-Sep-21
Squid Game,8/24/21,6,1,58,1,17-Sep-21
Squid Game,8/25/21,5,1,64,1,17-Sep-21
Squid Game,8/26/21,5,1,63,1,17-Sep-21
Squid Game,8/27/21,5,1,64,1,17-Sep-21
Squid Game,8/28/21,6,1,66,1,17-Sep-21
Squid Game,8/29/21,7,1,64,1,17-Sep-21
Squid Game,8/30/21,4,1,58,1,17-Sep-21
Squid Game,8/31/21,5,1,57,1,17-Sep-21
Squid Game,9/1/21,4,1,57,1,17-Sep-21
Squid Game,9/2/21,5,1,60,1,17-Sep-21
Squid Game,9/3/21,5,1,60,1,17-Sep-21
Squid Game,9/4/21,7,1,63,1,17-Sep-21
Squid Game,9/5/21,7,1,68,1,17-Sep-21
Squid Game,9/6/21,6,1,60,1,17-Sep-21
Squid Game,9/7/21,5,1,55,1,17-Sep-21
Squid Game,9/8/21,4,1,54,1,17-Sep-21
Squid Game,9/9/21,5,1,63,1,17-Sep-21
Squid Game,9/10/21,5,1,65,1,17-Sep-21
Squid Game,9/11/21,6,1,66,1,17-Sep-21
Squid Game,9/12/21,6,1,68,1,17-Sep-21
Squid Game,9/13/21,5,1,59,1,17-Sep-21
Squid Game,9/14/21,5,1,55,1,17-Sep-21
Squid Game,9/15/21,5,1,54,1,17-Sep-21
Squid Game,9/16/21,6,1,53,1,17-Sep-21
Squid Game,9/17/21,5,1,56,1,17-Sep-21
Squid Game,9/18/21,7,1,59,1,17-Sep-21
Squid Game,9/19/21,6,1,62,1,17-Sep-21
Squid Game,9/20/21,4,1,46,1,17-Sep-21
Squid Game,9/21/21,5,1,47,1,17-Sep-21
Squid Game,9/22/21,5,1,49,1,17-Sep-21
Squid Game,9/23/21,5,1,49,1,17-Sep-21
Squid Game,9/24/21,6,1,53,1,17-Sep-21
Squid Game,9/25/21,7,1,57,1,17-Sep-21
Squid Game,9/26/21,7,1,59,1,17-Sep-21
Squid Game,9/27/21,5,1,53,1,17-Sep-21
Squid Game,9/28/21,5,1,47,1,17-Sep-21
Squid Game,9/29/21,5,1,52,1,17-Sep-21
Squid Game,9/30/21,5,1,49,1,17-Sep-21
Squid Game,10/1/21,6,1,55,1,17-Sep-21
Squid Game,10/2/21,7,1,62,1,17-Sep-21
Squid Game,10/3/21,7,1,57,1,17-Sep-21
Squid Game,10/4/21,5,1,51,1,17-Sep-21
Squid Game,10/5/21,6,1,53,1,17-Sep-21
Squid Game,10/6/21,5,1,52,1,17-Sep-21
Squid Game,10/7/21,5,1,55,1,17-Sep-21
Squid Game,10/8/21,6,1,51,2,17-Sep-21
Squid Game,10/9/21,8,1,60,2,17-Sep-21
Squid Game,10/10/21,7,1,60,2,17-Sep-21
Squid Game,10/11/21,6,1,54,2,17-Sep-21
Squid Game,10/12/21,6,1,54,1,17-Sep-21
Squid Game,10/13/21,5,1,53,1,17-Sep-21
Squid Game,10/14/21,6,1,56,1,17-Sep-21
Squid Game,10/15/21,6,1,54,1,17-Sep-21
Squid Game,10/16/21,7,1,59,1,17-Sep-21
Squid Game,10/17/21,7,1,57,1,17-Sep-21
Squid Game,10/18/21,5,1,53,1,17-Sep-21
Squid Game,10/19/21,6,1,53,1,17-Sep-21
Squid Game,10/20/21,5,1,55,1,17-Sep-21
Squid Game,10/21/21,5,1,54,1,17-Sep-21
Squid Game,10/22/21,6,1,58,1,17-Sep-21
Squid Game,10/23/21,7,1,67,1,17-Sep-21
Squid Game,10/24/21,7,1,61,1,17-Sep-21
Squid Game,10/25/21,5,1,56,1,17-Sep-21
Squid Game,10/26/21,5,1,59,1,17-Sep-21
Squid Game,10/27/21,5,1,53,1,17-Sep-21
Squid Game,10/28/21,5,1,55,1,17-Sep-21
Squid Game,10/29/21,6,1,56,1,17-Sep-21
Squid Game,10/30/21,7,1,61,1,17-Sep-21
Squid Game,10/31/21,6,1,62,1,17-Sep-21
Squid Game,11/1/21,5,1,56,1,17-Sep-21
Squid Game,11/2/21,5,1,55,1,17-Sep-21
Squid Game,11/3/21,5,1,54,1,17-Sep-21
Squid Game,11/4/21,6,1,55,1,17-Sep-21
Squid Game,11/5/21,6,1,59,1,17-Sep-21
Squid Game,11/6/21,7,1,61,1,17-Sep-21
Squid Game,11/7/21,7,1,65,1,17-Sep-21
Squid Game,11/8/21,5,1,60,1,17-Sep-21
Squid Game,11/9/21,5,1,57,1,17-Sep-21
Squid Game,11/10/21,5,1,58,1,17-Sep-21
Squid Game,11/11/21,5,1,56,1,17-Sep-21
Squid Game,11/12/21,6,1,61,1,17-Sep-21
Squid Game,11/13/21,7,1,64,1,17-Sep-21
Squid Game,11/14/21,7,1,81,1,17-Sep-21
Squid Game,11/15/21,5,1,68,1,17-Sep-21
Squid Game,11/16/21,5,1,62,1,17-Sep-21
Squid Game,11/17/21,5,1,57,1,17-Sep-21